{"a": [0.4891097080007074], "b": [0.4158032364582861]}