{"a": 0.040632032452472135, "b": 0.02437921947148311}